City_Name,City,Country,Lat,Lng,Max Temp,Humidity,Cloudiness,Wind Speed,Current Description
0,Katsuura,JP,35.1333,140.3,72.84,90,100,10.42,moderate rain
1,Ushuaia,AR,-54.8,-68.3,29.86,86,75,20.71,light snow
2,Nikolskoye,RU,59.7035,30.7861,53.49,86,99,5.06,overcast clouds
3,Vaini,TO,-21.2,-175.2,78.96,89,75,8.05,broken clouds
4,Punta Arenas,CL,-53.15,-70.9167,35.71,60,75,13.8,broken clouds
5,Jamestown,US,42.097,-79.2353,73.71,72,1,14.74,clear sky
6,Sechura,PE,-5.5569,-80.8222,71.64,57,43,15.93,scattered clouds
7,Mareeba,AU,-17.0,145.4333,68.72,92,31,2.66,scattered clouds
8,Pevek,RU,69.7008,170.3133,36.07,77,100,4.74,overcast clouds
9,Saint-Georges,GD,12.0564,-61.7485,83.88,70,20,21.85,few clouds
10,Bredasdorp,ZA,-34.5322,20.0403,55.35,43,44,6.06,scattered clouds
11,Ketchikan,US,55.3422,-131.6461,61.03,69,73,3.44,broken clouds
12,Atuona,PF,-9.8,-139.0333,77.77,69,0,16.06,clear sky
13,Hermanus,ZA,-34.4187,19.2345,57.67,67,58,12.44,broken clouds
14,Luderitz,NA,-26.6481,15.1594,54.84,89,0,7.54,clear sky
15,Zhezkazgan,KZ,47.8043,67.7144,74.23,24,72,5.66,broken clouds
16,Vostok,RU,46.4856,135.8833,55.2,100,100,1.81,overcast clouds
17,Lorengau,PG,-2.0226,147.2712,81.59,81,100,10.36,overcast clouds
18,Port Elizabeth,ZA,-33.918,25.5701,48.49,93,0,3.44,clear sky
19,Huntsville,US,34.7304,-86.5861,82.27,66,0,4.61,clear sky
20,Kyren,RU,51.6828,102.1408,59.99,96,100,0.65,overcast clouds
21,Avallon,FR,47.4833,3.9,69.39,52,54,4.59,broken clouds
22,Avera,US,33.194,-82.5271,98.65,25,78,8.86,broken clouds
23,Ancud,CL,-41.8697,-73.8203,43.23,76,99,5.73,overcast clouds
24,Shirokiy,RU,49.758,129.523,58.75,88,100,9.4,overcast clouds
25,Busselton,AU,-33.65,115.3333,56.26,69,100,23.38,overcast clouds
26,Bluff,NZ,-46.6,168.3333,39.79,79,100,11.79,overcast clouds
27,Klyuchi,RU,52.2667,79.1667,58.64,78,48,6.49,scattered clouds
28,Oltu,TR,40.5498,42.0013,56.77,91,5,1.63,clear sky
29,Kodiak,US,57.79,-152.4072,49.41,90,100,9.73,overcast clouds
30,Saskylakh,RU,71.9167,114.0833,57.6,85,100,7.85,overcast clouds
31,Pisco,PE,-13.7,-76.2167,68.05,60,0,16.11,clear sky
32,College,US,64.8569,-147.8028,77.58,39,0,1.01,clear sky
33,Adrar,MR,20.5022,-10.0711,85.17,42,98,17.67,light rain
34,Biltine,TD,14.5333,20.9167,92.41,16,84,3.65,broken clouds
35,West Point,US,33.6076,-88.6503,88.09,34,30,6.58,scattered clouds
36,Platanos,GR,37.6667,21.6167,76.08,84,26,3.0,scattered clouds
37,Cabo San Lucas,MX,22.8909,-109.9124,87.19,66,74,7.43,broken clouds
38,Vondrozo,MG,-22.8167,47.2833,55.35,83,9,2.91,clear sky
39,Rikitea,PF,-23.1203,-134.9692,72.81,64,58,4.83,broken clouds
40,Fujin,CN,47.26,132.0322,59.65,91,95,10.63,overcast clouds
41,Cape Town,ZA,-33.9258,18.4232,57.27,90,75,21.85,light rain
42,Dingle,PH,10.9995,122.6711,79.21,84,100,1.57,overcast clouds
43,Codrington,AU,-38.2667,141.9667,45.68,90,12,6.91,few clouds
44,Margate,GB,51.3813,1.3862,69.31,72,6,10.98,clear sky
45,New Norfolk,AU,-42.7826,147.0587,48.92,90,100,0.96,overcast clouds
46,Tiksi,RU,71.6872,128.8694,35.56,83,100,7.25,overcast clouds
47,Hobart,AU,-42.8794,147.3294,49.26,95,75,3.44,broken clouds
48,Albany,US,42.6001,-73.9662,79.95,46,23,1.01,few clouds
49,Ptuj,SI,46.4201,15.8702,63.73,88,82,4.61,broken clouds
50,Lebu,CL,-37.6167,-73.65,47.55,79,85,7.61,overcast clouds
51,Kapaa,US,22.0752,-159.319,82.47,75,29,5.01,scattered clouds
52,Porbandar,IN,21.6422,69.6093,84.58,78,100,15.3,overcast clouds
53,Naryan-Mar,RU,67.6713,53.087,57.81,80,77,4.07,broken clouds
54,Lavrentiya,RU,65.5833,-171.0,47.82,61,16,2.57,few clouds
55,Roald,NO,62.5833,6.1333,58.91,87,75,25.32,broken clouds
56,Butaritari,KI,3.0707,172.7902,82.4,77,12,15.17,few clouds
57,Leningradskiy,RU,69.3833,178.4167,39.49,69,62,6.35,broken clouds
58,Mataura,NZ,-46.1927,168.8643,39.47,92,75,1.63,broken clouds
59,Vanimo,PG,-2.6741,141.3028,77.85,87,78,5.3,broken clouds
60,Caucaia,BR,-3.7361,-38.6531,81.03,71,0,6.91,clear sky
61,Chernyshkovskiy,RU,48.4219,42.2308,61.21,63,19,4.76,few clouds
62,Castro,BR,-24.7911,-50.0119,60.08,95,98,9.13,light rain
63,Borovskoy,KZ,53.8,64.15,60.93,79,45,1.97,scattered clouds
64,Oksfjord,NO,70.2396,22.3479,48.99,80,66,8.03,broken clouds
65,Puerto Ayora,EC,-0.7393,-90.3518,76.96,89,57,5.99,broken clouds
66,Nizhniy Tsasuchey,RU,50.5167,115.1333,66.85,58,81,1.9,broken clouds
67,Khatanga,RU,71.9667,102.5,52.84,68,89,19.66,overcast clouds
68,Faya,SA,18.3851,42.4509,72.12,26,40,5.41,scattered clouds
69,Bambous Virieux,MU,-20.3428,57.7575,69.22,94,20,6.91,few clouds
70,La Ronge,CA,55.1001,-105.2842,59.25,67,75,16.11,broken clouds
71,San Quintin,MX,30.4833,-115.95,69.96,66,40,15.84,scattered clouds
72,Micheweni,TZ,-4.9667,39.8333,76.8,77,6,12.62,clear sky
73,Narsaq,GL,60.9167,-46.05,45.41,83,100,3.13,light rain
74,Victoria,HK,22.2855,114.1577,84.38,85,99,10.0,overcast clouds
75,Carnarvon,AU,-24.8667,113.6333,70.16,68,93,5.73,overcast clouds
76,Mangan,IN,27.5167,88.5333,73.69,99,100,1.05,overcast clouds
77,Congleton,GB,53.1631,-2.2125,65.05,74,73,7.16,broken clouds
78,Flinders,AU,-34.5833,150.8552,56.17,70,96,5.01,overcast clouds
79,Yarkovo,RU,57.4028,67.0786,54.41,76,5,2.62,clear sky
80,Khao Wong,TH,16.7001,104.0902,75.92,83,43,2.55,scattered clouds
81,Lazaro Cardenas,MX,17.9583,-102.2,82.76,68,90,9.48,overcast clouds
82,Bubaque,GW,11.2833,-15.8333,79.09,77,90,13.06,overcast clouds
83,Qaanaaq,GL,77.484,-69.3632,39.9,76,5,4.34,clear sky
84,Ashland,US,40.8167,-82.2665,80.56,47,0,13.71,clear sky
85,Garissa,KE,-0.4536,39.6401,74.84,75,39,17.38,scattered clouds
86,Wakkanai,JP,45.4094,141.6739,56.89,91,94,17.0,overcast clouds
87,Mankono,CI,8.0586,-6.1897,71.04,95,100,8.3,light rain
88,Hilo,US,19.7297,-155.09,87.28,83,47,5.99,scattered clouds
89,Gandiaye,SN,14.2333,-16.2667,87.91,70,100,13.13,overcast clouds
90,Edmundston,CA,47.3737,-68.3251,71.74,77,33,8.95,scattered clouds
91,Auki,SB,-8.7676,160.7034,79.05,80,100,3.36,overcast clouds
92,Avarua,CK,-21.2078,-159.775,80.65,65,20,9.22,few clouds
93,Tutoia,BR,-2.7619,-42.2744,77.77,79,98,6.89,overcast clouds
94,Barinas,VE,8.6226,-70.2075,80.64,83,62,10.36,broken clouds
95,Liwale,TZ,-9.7667,37.9333,67.24,68,89,2.3,overcast clouds
96,Niono,ML,14.2526,-5.993,86.29,46,99,8.93,light rain
97,Agar,IN,23.7,76.0167,83.62,61,100,10.04,overcast clouds
98,Ribeira Grande,PT,38.5167,-28.7,68.13,88,2,8.28,clear sky
99,Tuktoyaktuk,CA,69.4541,-133.0374,66.2,45,75,0.0,broken clouds
100,Los Algarrobos,PA,8.5,-82.4333,82.81,70,40,5.75,scattered clouds
101,Yellowknife,CA,62.456,-114.3525,68.52,40,40,8.05,scattered clouds
102,Okhotsk,RU,59.3833,143.3,45.59,88,94,4.03,overcast clouds
103,Jacksonville,US,30.3322,-81.6556,95.41,61,40,6.91,scattered clouds
104,Hasaki,JP,35.7333,140.8333,70.2,80,100,4.38,light rain
105,Gharo,PK,24.7424,67.5856,86.22,69,47,18.05,scattered clouds
106,Loyga,RU,61.0784,44.6075,46.18,97,29,4.61,scattered clouds
107,Port Alfred,ZA,-33.5906,26.891,62.96,36,1,11.16,clear sky
108,Berlevag,NO,70.8578,29.0864,41.0,93,75,11.5,drizzle
109,East London,ZA,-33.0153,27.9116,64.69,30,0,8.5,clear sky
110,Santa Rosa,PH,14.3122,121.1114,84.18,75,14,4.9,few clouds
111,Barrow,US,71.2906,-156.7887,37.42,93,100,11.5,overcast clouds
112,Tomigusuku,JP,26.185,127.675,77.14,94,75,13.8,broken clouds
113,Mar Del Plata,AR,-38.0023,-57.5575,46.42,82,75,14.97,broken clouds
114,Bengkulu,ID,-3.8004,102.2655,74.89,91,91,7.29,overcast clouds
115,Contamana,PE,-7.3333,-75.0167,87.67,49,43,2.91,scattered clouds
116,Kruisfontein,ZA,-34.0033,24.7314,59.11,30,21,9.48,few clouds
117,Tagusao,PH,9.1924,117.8141,80.01,79,49,3.36,scattered clouds
118,Mizdah,LY,31.4451,12.9801,73.69,44,7,12.41,clear sky
119,Katherine,AU,-14.4667,132.2667,57.52,51,10,5.75,clear sky
120,Los Llanos De Aridane,ES,28.6585,-17.9182,67.75,84,100,18.41,overcast clouds
121,Maniitsoq,GL,65.4167,-52.9,36.75,97,100,10.87,moderate rain
122,Bronnoysund,NO,65.4625,12.1997,60.8,63,0,15.01,clear sky
123,Vila Franca Do Campo,PT,37.7167,-25.4333,71.2,93,40,6.69,scattered clouds
124,Barabai,ID,-2.5833,115.3833,72.5,99,100,1.39,overcast clouds
125,Kahului,US,20.8947,-156.47,81.97,80,27,11.01,scattered clouds
126,Peniche,PT,39.3558,-9.3811,67.1,88,52,6.78,broken clouds
127,Bose,IT,45.4612,8.0137,78.39,82,43,7.54,scattered clouds
128,Kavaratti,IN,10.5669,72.642,81.82,75,99,12.73,overcast clouds
129,Tahlequah,US,35.9154,-94.97,97.02,24,0,3.44,clear sky
130,Gemena,CD,3.25,19.7667,69.6,99,100,1.61,overcast clouds
131,Russell,US,32.3502,-85.1999,96.96,29,6,7.83,clear sky
132,Cerro Punta,PA,8.85,-82.5667,57.74,91,100,1.48,overcast clouds
133,Iqaluit,CA,63.7506,-68.5145,44.33,56,100,21.85,overcast clouds
134,Kavieng,PG,-2.5744,150.7967,82.62,69,45,12.88,scattered clouds
135,Husavik,IS,66.0449,-17.3389,44.58,98,100,18.57,overcast clouds
136,Levin,NZ,-40.6333,175.275,55.67,88,99,3.67,overcast clouds
137,Arraial Do Cabo,BR,-22.9661,-42.0278,71.46,83,0,6.91,clear sky
138,Klaksvik,FO,62.2266,-6.589,49.12,90,100,36.55,light rain
139,Navalmoral De La Mata,ES,39.8916,-5.5406,86.95,35,56,8.08,broken clouds
140,Fort Nelson,CA,58.8053,-122.7002,65.79,59,75,12.66,thunderstorm
141,Caravelas,BR,-17.7125,-39.2481,68.4,88,3,4.74,clear sky
142,Eyl,SO,7.9803,49.8164,77.7,80,21,22.64,few clouds
143,Guiyang,CN,26.5833,106.7167,67.57,98,100,1.68,overcast clouds
144,Ilulissat,GL,69.2167,-51.1,39.22,87,75,9.22,broken clouds
145,Pojuca,BR,-12.4231,-38.326,68.32,88,54,2.91,broken clouds
146,Simao,CN,22.7886,100.9748,62.38,100,100,1.66,overcast clouds
147,Turukhansk,RU,65.8167,87.9833,54.84,55,42,12.3,scattered clouds
148,Anadyr,RU,64.75,177.4833,44.67,79,100,12.68,overcast clouds
149,Salalah,OM,17.0151,54.0924,82.9,85,65,6.8,broken clouds
150,Ola,RU,59.5833,151.2833,50.14,87,74,4.72,broken clouds
151,Huaicheng,CN,23.9051,112.1931,73.76,99,100,0.67,light rain
152,Byron Bay,AU,-28.65,153.6167,52.95,79,68,8.81,light rain
153,Birao,CF,10.2849,22.7882,76.17,72,100,6.46,overcast clouds
154,Alofi,NU,-19.0595,-169.9187,78.48,76,61,23.04,light rain
155,Jalu,LY,29.0331,21.5482,79.95,42,0,15.61,clear sky
156,Te Anau,NZ,-45.4167,167.7167,39.38,92,77,1.1,broken clouds
157,Vestmannaeyjar,IS,63.4427,-20.2734,48.43,82,82,28.1,broken clouds
158,Manokwari,ID,-0.8667,134.0833,78.46,74,14,2.21,few clouds
159,Sitka,US,57.0531,-135.33,62.26,70,91,7.78,overcast clouds
160,Yavatmal,IN,20.4,78.1333,79.66,76,91,6.04,overcast clouds
161,Tazovskiy,RU,67.4667,78.7,45.23,61,29,8.19,scattered clouds
162,Faanui,PF,-16.4833,-151.75,80.33,70,4,18.21,clear sky
163,Nanzhang,CN,31.7765,111.8386,72.9,81,100,3.42,overcast clouds
164,Nouadhibou,MR,20.931,-17.0347,69.1,79,0,23.91,clear sky
165,Iquique,CL,-20.2208,-70.1431,60.84,78,3,9.35,clear sky
166,Sokolovo,RU,52.5318,84.7896,56.14,94,100,3.83,overcast clouds
167,Sao Filipe,CV,14.8961,-24.4956,74.97,76,7,8.32,clear sky
168,Saint George,US,37.1041,-113.5841,102.79,4,0,33.38,haze
169,Camocim,BR,-2.9022,-40.8411,76.93,84,94,8.48,overcast clouds
170,Campos,BR,-21.75,-41.3,65.55,90,0,8.84,clear sky
171,Launceston,AU,-41.45,147.1667,45.16,93,100,0.0,moderate rain
172,Praxedis Guerrero,MX,31.3667,-106.0167,98.96,14,13,14.34,few clouds
173,Sayyan,YE,15.1718,44.3244,67.64,38,89,10.56,overcast clouds
174,Mus,TR,39.0,41.75,59.92,56,0,1.7,clear sky
175,Altay,CN,47.8667,88.1167,51.82,63,59,3.47,broken clouds
176,Guerrero Negro,MX,27.9769,-114.0611,74.77,55,49,15.05,scattered clouds
177,Portland,US,45.5234,-122.6762,63.55,82,100,8.99,light rain
178,Egvekinot,RU,66.3167,-179.1667,40.53,80,80,5.23,broken clouds
179,Pilar,BR,-9.5972,-35.9567,71.56,95,98,3.44,overcast clouds
180,Clyde River,CA,70.4692,-68.5914,33.62,84,100,21.18,overcast clouds
181,Grants,US,35.1473,-107.8514,64.63,77,100,3.44,moderate rain
182,Sinnamary,GF,5.3833,-52.95,77.61,84,100,6.67,overcast clouds
183,Puerto Del Rosario,ES,28.5004,-13.8627,71.35,78,20,19.57,few clouds
184,Vestmanna,FO,62.1564,-7.1664,47.32,93,100,23.02,light rain
185,Bougouni,ML,11.417,-7.479,77.72,75,92,7.58,light rain
186,Ostrovnoy,RU,68.0531,39.5131,39.6,98,100,17.78,light rain
187,San Patricio,US,28.017,-97.5169,95.72,43,18,16.15,few clouds
188,Kununurra,AU,-15.7667,128.7333,49.98,81,2,0.0,clear sky
189,Maracacume,BR,-2.0428,-45.9592,77.65,79,100,3.74,overcast clouds
190,Lucapa,AO,-8.4192,20.7447,65.19,34,10,3.06,clear sky
191,Rundu,NA,-17.9333,19.7667,55.27,34,3,6.76,clear sky
192,Suntar,RU,62.1444,117.6319,58.95,54,15,0.74,few clouds
193,Broome,US,42.2506,-75.833,77.36,52,75,14.97,broken clouds
194,Kaitangata,NZ,-46.2817,169.8464,41.04,84,74,9.01,broken clouds
195,Kemijarvi,FI,66.7131,27.4306,40.59,89,73,3.06,broken clouds
196,Aklavik,CA,68.2191,-135.0107,75.72,27,59,20.18,broken clouds
197,Axim,GH,4.8699,-2.2405,76.15,86,99,9.24,light rain
198,Georgetown,MY,5.4112,100.3354,78.73,97,20,2.3,few clouds
199,Fortuna,US,40.5982,-124.1573,64.9,62,0,13.8,clear sky
200,Dikson,RU,73.5069,80.5464,30.27,94,77,11.3,broken clouds
201,Zhanaozen,KZ,43.3,52.8,76.21,57,56,25.75,broken clouds
202,Maceio,BR,-9.6658,-35.7353,72.84,88,75,5.75,broken clouds
203,Ahipara,NZ,-35.1667,173.1667,59.13,94,100,8.16,moderate rain
204,Norman Wells,CA,65.282,-126.8329,72.01,33,0,9.66,clear sky
205,Morant Bay,JM,17.8815,-76.4093,81.72,74,84,7.85,broken clouds
206,Lagoa,PT,39.05,-27.9833,66.25,91,0,7.87,clear sky
207,Hithadhoo,MV,-0.6,73.0833,82.13,72,100,6.93,overcast clouds
208,Bethel,US,41.3712,-73.414,86.54,44,11,3.0,few clouds
209,Port Hardy,CA,50.6996,-127.4199,57.65,68,52,15.95,broken clouds
210,Hualmay,PE,-11.0964,-77.6139,63.77,76,29,11.05,scattered clouds
211,Severo-Kurilsk,RU,50.6789,156.125,48.54,91,100,9.4,overcast clouds
212,Vila Velha,BR,-20.3297,-40.2925,70.95,86,0,4.0,clear sky
213,Souillac,MU,-20.5167,57.5167,64.78,88,20,8.05,few clouds
214,Hirara,JP,24.8,125.2833,80.87,94,75,5.75,broken clouds
215,Tuatapere,NZ,-46.1333,167.6833,42.24,87,79,3.58,broken clouds
216,Ujfeherto,HU,47.8,21.6833,69.6,65,28,11.01,scattered clouds
217,Collie,AU,-33.3667,116.15,50.0,85,91,11.95,overcast clouds
218,Hambantota,LK,6.1241,81.1185,77.34,100,40,2.3,scattered clouds
219,Pakxan,LA,18.3778,103.6601,75.15,96,95,0.6,overcast clouds
220,Airai,TL,-8.9266,125.4092,56.53,94,25,3.98,scattered clouds
221,Mogadishu,SO,2.0371,45.3438,78.89,77,30,17.05,scattered clouds
222,Sahuaripa,MX,29.05,-109.2333,103.89,23,13,15.43,few clouds
223,Arkhara,RU,49.4212,130.0842,58.05,92,100,9.71,overcast clouds
224,San Cristobal,VE,7.7669,-72.225,76.98,63,83,4.32,broken clouds
225,San Jose,US,37.3394,-121.895,74.37,41,0,11.01,clear sky
226,Sorland,NO,67.667,12.6934,49.86,82,100,19.73,overcast clouds
227,Tessalit,ML,20.1986,1.0114,86.76,37,99,3.04,overcast clouds
228,Garowe,SO,8.4054,48.4845,76.57,68,21,26.28,few clouds
229,Longyearbyen,SJ,78.2186,15.6401,40.84,75,75,9.22,broken clouds
230,Bonthe,SL,7.5264,-12.505,73.51,95,100,7.36,moderate rain
231,Lompoc,US,34.6391,-120.4579,76.57,62,0,20.0,clear sky
232,Chokurdakh,RU,70.6333,147.9167,39.49,69,100,8.52,overcast clouds
233,Hailar,CN,49.2,119.7,65.23,52,68,3.49,broken clouds
234,Taunggyi,MM,20.7833,97.0333,61.81,97,100,3.87,overcast clouds
235,Tasiilaq,GL,65.6145,-37.6368,42.96,83,85,8.28,overcast clouds
236,Palmares Do Sul,BR,-30.2578,-50.5097,59.18,88,100,19.46,overcast clouds
237,Eau Claire,US,44.8114,-91.4985,80.98,43,0,1.99,clear sky
238,Thai Binh,VN,20.45,106.3333,82.65,75,94,11.83,overcast clouds
239,Zhigansk,RU,66.7697,123.3711,57.76,40,80,1.45,broken clouds
240,Blackfoot,US,43.1905,-112.345,94.01,21,2,20.98,clear sky
241,Filingue,NE,14.3521,3.3168,85.08,51,100,7.38,light rain
242,Waldshut-Tiengen,DE,47.6232,8.2172,69.94,80,31,2.66,scattered clouds
243,Shingu,JP,33.7333,135.9833,71.51,96,100,5.17,moderate rain
244,Tigzirt,DZ,36.8886,4.1198,78.24,47,21,7.23,few clouds
245,Hobyo,SO,5.3505,48.5268,78.24,80,94,24.92,overcast clouds
246,Chicama,PE,-7.8447,-79.1469,61.34,68,84,8.41,broken clouds
247,Acapulco,MX,16.8634,-99.8901,82.04,71,88,10.18,overcast clouds
248,Dunedin,NZ,-45.8742,170.5036,48.79,61,17,4.0,few clouds
249,Chama,CH,47.1821,8.4636,70.02,77,50,0.0,scattered clouds
250,Mayumba,GA,-3.432,10.6554,71.8,84,99,2.91,overcast clouds
251,Vadlapudi,IN,14.3167,79.8,85.08,67,92,11.01,overcast clouds
252,Port Macquarie,AU,-31.4333,152.9167,47.89,80,35,12.86,scattered clouds
253,Qitaihe,CN,45.8,130.85,64.9,80,0,6.82,clear sky
254,Chuy,UY,-33.6971,-53.4616,50.67,51,45,15.57,scattered clouds
255,Jinka,ET,5.65,36.65,65.66,71,89,4.63,overcast clouds
256,Thompson,CA,55.7435,-97.8558,69.53,13,90,4.94,overcast clouds
257,Najran,SA,17.4924,44.1277,79.68,22,71,2.55,broken clouds
258,Albion,US,42.2431,-84.753,78.98,41,0,8.05,clear sky
259,Provideniya,RU,64.3833,-173.3,52.23,51,13,3.6,few clouds
260,Taoudenni,ML,22.6783,-3.9836,87.13,44,100,23.26,overcast clouds
261,Charters Towers,AU,-20.1,146.2667,61.93,81,0,7.25,clear sky
262,Moreira Sales,BR,-24.0622,-53.0069,64.18,94,100,15.01,light rain
263,Evensk,RU,61.95,159.2333,46.17,94,100,4.36,light rain
264,Qui Nhon,VN,13.7667,109.2333,80.22,79,40,5.12,scattered clouds
265,Bela Vista,BR,-22.1089,-56.5211,64.56,94,89,10.27,overcast clouds
266,Gashua,NG,12.871,11.0482,81.19,57,70,9.91,broken clouds
267,Tautira,PF,-17.7333,-149.15,78.49,75,22,14.56,few clouds
268,Ranot,TH,7.7777,100.3213,80.29,83,100,3.65,overcast clouds
269,Tura,IN,25.5198,90.2201,71.65,99,100,5.01,overcast clouds
270,Rakke,EE,58.9817,26.2544,48.51,94,57,2.17,broken clouds
271,Miri,MY,4.4148,114.0089,75.79,91,58,5.7,broken clouds
272,Plettenberg Bay,ZA,-34.0527,23.3716,66.43,34,68,8.93,broken clouds
273,Santa Barbara,US,34.7333,-120.0343,74.79,40,0,14.97,clear sky
274,Feni,BD,23.0186,91.41,77.94,91,100,11.88,overcast clouds
275,Enugu,NG,6.4402,7.4943,69.8,98,100,2.55,overcast clouds
276,Shurugwi,ZW,-19.6702,30.0059,49.14,78,0,2.48,clear sky
277,Vieux-Habitants,GP,16.0589,-61.7659,81.97,71,64,13.96,broken clouds
278,Walvis Bay,NA,-22.9575,14.5053,57.09,87,0,8.68,clear sky
279,Muros,ES,42.7762,-9.0603,67.08,90,46,4.23,scattered clouds
280,Seymchan,RU,62.8833,152.4333,56.21,73,98,1.88,overcast clouds
281,Pimampiro,EC,0.4,-77.9667,65.25,73,100,1.41,light rain
282,Acajutla,SV,13.5928,-89.8275,80.83,81,79,6.64,moderate rain
283,Harindanga,IN,22.0383,88.3214,84.33,73,100,17.09,light rain
284,Ahuimanu,US,21.4447,-157.8378,85.71,61,75,17.27,broken clouds
285,Thurso,GB,58.5927,-3.5259,52.86,74,30,26.53,scattered clouds
286,Oktyabrskoye,RU,43.0645,44.7417,59.14,93,52,4.47,mist
287,Hofn,IS,64.2539,-15.2082,49.33,77,100,18.28,overcast clouds
288,Malindi,KE,-3.2175,40.1191,77.86,80,2,18.03,clear sky
289,Saint-Philippe,RE,-21.3585,55.7679,67.59,78,34,2.24,scattered clouds
290,Coffs Harbour,AU,-30.3,153.1333,51.13,93,85,6.91,overcast clouds
291,Bhimunipatnam,IN,17.8833,83.4333,81.91,80,98,11.39,overcast clouds
292,Kenora,CA,49.8167,-94.4337,69.78,22,5,8.01,clear sky
293,Idrinskoye,RU,54.3708,92.1358,49.82,92,12,3.74,few clouds
294,Talnakh,RU,69.4865,88.3972,45.21,61,15,9.93,few clouds
295,Gambo,CF,4.6482,22.2633,68.49,99,100,3.44,overcast clouds
296,Entebbe,UG,0.0644,32.4469,70.63,72,60,6.22,broken clouds
297,Boulsa,BF,12.6675,-0.5758,79.16,65,97,0.85,overcast clouds
298,Petropavlovsk-Kamchatskiy,RU,53.0452,158.6483,48.79,93,75,4.47,broken clouds
299,Washim,IN,20.1,77.15,79.84,73,100,3.24,overcast clouds
300,Fukue,JP,32.6881,128.8419,72.07,92,85,6.4,overcast clouds
301,Padang,ID,-0.9492,100.3543,75.7,87,100,3.0,overcast clouds
302,Vardo,NO,70.3705,31.1107,39.18,93,100,11.5,overcast clouds
303,Flin Flon,CA,54.7682,-101.865,62.58,40,100,9.82,overcast clouds
304,Buala,SB,-8.145,159.5921,78.3,85,88,4.14,light rain
305,Port-Gentil,GA,-0.7193,8.7815,76.05,75,96,10.02,overcast clouds
306,Chekmagush,RU,55.1319,54.6556,55.98,94,100,5.5,overcast clouds
307,Phonhong,LA,18.5007,102.4166,74.32,95,98,2.15,light rain
308,Port Lincoln,AU,-34.7333,135.8667,53.4,67,3,13.82,clear sky
309,Champerico,GT,14.3,-91.9167,80.42,79,99,4.85,overcast clouds
310,Diu,IN,20.7141,70.9822,83.97,78,98,12.68,overcast clouds
311,Vao,NC,-22.6667,167.4833,69.76,87,100,14.14,light rain
312,Yibin,CN,28.7667,104.6238,73.26,85,99,0.07,overcast clouds
313,Kargasok,RU,59.0556,80.8572,56.26,91,96,4.88,overcast clouds
314,Bogorodskoye,RU,56.55,37.8833,49.62,93,13,3.58,few clouds
315,Haysville,US,37.5645,-97.3523,100.35,41,0,13.8,clear sky
316,Manado,ID,1.487,124.8455,74.17,94,20,1.14,few clouds
317,Altamont,US,42.2068,-121.7372,62.44,46,0,16.11,clear sky
318,Burgeo,CA,47.6167,-57.6152,54.34,80,92,6.67,overcast clouds
319,Xuddur,SO,4.1213,43.8894,71.47,68,13,15.7,few clouds
320,Richards Bay,ZA,-28.783,32.0377,56.07,54,0,7.85,clear sky
321,Kaseda,JP,31.4167,130.3167,72.9,90,100,3.22,moderate rain
322,Comodoro Rivadavia,AR,-45.8667,-67.5,48.06,43,0,31.07,clear sky
323,Luanda,AO,-8.8368,13.2343,69.28,81,82,10.36,broken clouds
324,Esperance,AU,-33.8667,121.9,57.99,76,96,18.21,overcast clouds
325,Alice Springs,AU,-23.7,133.8833,38.75,93,4,0.0,clear sky
326,Lasa,IT,46.6166,10.7002,64.36,64,85,5.75,overcast clouds
327,Cabinda,AO,-5.55,12.2,72.16,84,99,5.55,overcast clouds
328,Hay River,CA,60.8156,-115.7999,56.35,53,85,7.83,overcast clouds
329,Seda,LV,57.65,25.75,55.06,97,2,4.81,clear sky
330,Svetlogorsk,BY,52.6333,29.7333,53.35,94,98,6.11,overcast clouds
331,Tsogni,GA,-2.7942,10.0988,70.72,87,88,3.22,overcast clouds
332,Angatuba,BR,-23.4897,-48.4128,66.2,49,45,6.17,scattered clouds
333,Victor Harbor,AU,-35.5667,138.6167,49.68,81,0,7.74,clear sky
334,Rocha,UY,-34.4833,-54.3333,48.65,53,5,19.26,clear sky
335,Esna,EG,25.2934,32.554,87.13,29,0,14.65,clear sky
336,Stephenville,US,32.2207,-98.2023,99.93,31,40,10.0,scattered clouds
337,Half Moon Bay,US,37.4636,-122.4286,74.05,60,0,17.27,mist
338,Bodden Town,KY,19.2833,-81.25,82.0,68,100,5.01,overcast clouds
339,Saraza,PH,8.7356,117.78,79.09,80,58,2.42,broken clouds
340,Lakes Entrance,AU,-37.8811,147.981,46.6,90,25,5.37,scattered clouds
341,Rongcheng,CN,30.634,117.8517,73.89,89,79,2.26,broken clouds
342,Ciudad Bolivar,VE,8.1222,-63.5497,79.52,78,95,14.81,overcast clouds
343,La Palma,US,33.8464,-118.0467,87.51,63,0,11.5,clear sky
344,Kushiro,JP,42.975,144.3747,63.55,94,20,1.14,fog
345,Bahia Honda,CU,22.9036,-83.1592,83.91,71,33,12.88,scattered clouds
346,Sao Felix Do Xingu,BR,-6.6447,-51.995,76.89,63,9,2.42,clear sky
347,Korla,CN,41.7597,86.1469,70.07,50,77,6.87,broken clouds
348,Springfield,US,37.2153,-93.2982,94.86,53,0,6.91,clear sky
349,Benavente,ES,42.0025,-5.6783,69.85,59,84,11.72,broken clouds
350,Puerto Escondido,MX,15.85,-97.0667,83.23,57,100,11.5,overcast clouds
351,Atagay,RU,55.1033,99.3875,58.75,73,100,3.09,overcast clouds
352,Abu Ghosh,IL,31.8059,35.1093,69.1,92,0,8.01,clear sky
353,Palmer,US,42.1584,-72.3287,83.8,45,20,16.11,few clouds
354,Nanortalik,GL,60.1432,-45.2371,45.37,88,100,21.34,light rain
355,Ponta Do Sol,PT,32.6667,-17.1,68.72,78,0,3.13,clear sky
356,Kushima,JP,31.4583,131.2333,71.08,98,100,1.99,light rain
357,Wynyard,AU,-41.0,145.7167,44.98,89,94,4.65,overcast clouds
358,Pangnirtung,CA,66.1451,-65.7125,39.2,70,75,16.11,broken clouds
359,Brownfield,US,33.1812,-102.2744,96.39,16,0,16.89,clear sky
360,Moura,PT,38.1401,-7.4486,67.6,55,13,7.11,few clouds
361,Goderich,CA,43.7501,-81.7165,65.91,76,48,21.85,scattered clouds
362,Hami,CN,42.8,93.45,75.83,26,87,17.43,overcast clouds
363,Cap Malheureux,MU,-19.9842,57.6142,69.48,79,0,1.99,clear sky
364,Barra Da Estiva,BR,-13.6261,-41.3269,62.22,49,0,1.14,clear sky
365,Kaihua,CN,23.3687,104.28,65.5,96,100,3.18,overcast clouds
366,Kolokani,ML,13.5728,-8.0339,85.87,49,67,13.6,light rain
367,Coquimbo,CL,-29.9533,-71.3436,56.93,71,0,6.91,clear sky
368,Bada,RU,51.392,109.8717,62.01,76,94,2.42,overcast clouds
369,Mogok,MM,22.9167,96.5,64.15,98,100,3.06,overcast clouds
370,Nhulunbuy,AU,-12.2333,136.7667,74.01,88,91,5.75,overcast clouds
371,Makakilo City,US,21.3469,-158.0858,84.52,51,20,17.27,few clouds
372,Baghdad,IQ,33.3406,44.4009,85.91,21,0,10.36,clear sky
373,Tam Ky,VN,15.5667,108.4833,76.66,83,35,4.21,scattered clouds
374,Moron,AR,-34.6534,-58.6198,49.96,43,0,12.12,clear sky
375,Deputatskiy,RU,69.3,139.9,40.96,64,18,2.89,few clouds
376,Omboue,GA,-1.5746,9.2618,73.09,82,77,4.94,broken clouds
377,Severobaykalsk,RU,55.65,109.3167,59.13,67,100,4.79,overcast clouds
378,Rudsar,IR,37.1376,50.288,71.73,84,3,3.53,clear sky
379,Coihaique,CL,-45.5752,-72.0662,42.75,61,75,6.91,light intensity shower rain
380,Hyderabad,IN,17.3753,78.4744,81.91,74,75,6.91,haze
381,Kudahuvadhoo,MV,2.6708,72.8944,82.44,71,96,7.9,very heavy rain
382,Araouane,ML,18.9048,-3.5265,90.99,33,70,13.76,broken clouds
383,Forchheim,DE,49.7175,11.0588,68.14,58,99,2.42,overcast clouds
384,Derzhavinsk,KZ,51.1,66.3167,68.43,53,17,6.67,few clouds
385,Bilma,NE,18.6853,12.9164,92.91,12,7,15.7,clear sky
386,Northampton,US,40.8754,-75.2499,85.19,45,16,1.99,few clouds
387,Nikolayevka,RU,53.1257,47.2041,58.89,78,85,3.06,overcast clouds
388,Constitucion,CL,-35.3333,-72.4167,51.57,79,65,10.38,broken clouds
389,Juba,SS,4.8517,31.5825,71.94,69,59,2.37,broken clouds
390,Yatou,CN,37.15,122.3833,69.62,92,38,7.27,light rain
391,Yulara,AU,-25.2406,130.9889,54.46,55,40,7.52,scattered clouds
392,Atar,MR,20.5169,-13.0499,93.69,28,36,6.82,light rain
393,Gunjur,GM,13.2019,-16.7339,78.87,89,40,2.3,scattered clouds
394,Viransehir,TR,37.2353,39.7631,82.47,16,0,5.73,clear sky
395,Havelock,US,34.8791,-76.9013,96.98,66,54,8.01,broken clouds
396,Nouakchott,MR,18.0858,-15.9785,80.53,44,52,16.62,broken clouds
397,Pierre,US,44.3683,-100.351,87.85,42,0,24.16,clear sky
398,Ust-Nera,RU,64.5667,143.2,61.5,51,100,4.97,overcast clouds
399,Honningsvag,NO,70.9821,25.9704,42.55,75,100,8.05,overcast clouds
400,Fethiye,TR,36.6217,29.1164,71.47,60,0,3.33,clear sky
401,Sisimiut,GL,66.9395,-53.6735,36.52,96,92,1.72,overcast clouds
402,Tiznit,MA,29.5833,-9.5,73.8,55,0,2.28,clear sky
403,Buarcos,PT,40.166,-8.8768,67.55,89,36,4.14,scattered clouds
404,Varhaug,NO,58.6147,5.6457,55.85,94,100,8.08,overcast clouds
405,Paris,FR,48.8534,2.3488,83.17,55,0,3.44,clear sky
406,Marsh Harbour,BS,26.5412,-77.0636,79.75,66,6,13.71,clear sky
407,Omsukchan,RU,62.5333,155.8,50.18,66,100,1.21,overcast clouds
408,Abu Zabad,SD,12.35,29.25,81.03,57,100,12.53,overcast clouds
409,Ulaanbaatar,MN,47.9077,106.8832,64.53,72,40,4.47,scattered clouds
410,Chivacoa,VE,10.1603,-68.895,80.17,81,55,2.77,broken clouds
411,Tilichiki,RU,60.4667,166.1,44.42,93,100,0.83,light rain
412,Ayagoz,KZ,47.9714,80.4392,54.5,61,3,3.89,clear sky
413,Tevriz,RU,57.509,72.4042,53.74,97,50,4.5,scattered clouds
414,Cidreira,BR,-30.1811,-50.2056,59.74,91,100,18.61,overcast clouds
415,Mayo,US,38.8876,-76.5119,94.48,49,0,12.66,clear sky
416,Kungurtug,RU,50.5994,97.5228,49.87,94,71,0.36,broken clouds
417,Jardin,CO,5.599,-75.8198,64.98,93,92,2.89,light rain
418,Praia Da Vitoria,PT,38.7333,-27.0667,68.76,84,9,8.77,clear sky
419,Komsomolskiy,UZ,40.4272,71.7189,69.8,62,100,3.02,overcast clouds
420,Marsa Matruh,EG,31.3525,27.2453,73.27,83,0,5.32,clear sky
421,Greenville,US,35.6127,-77.3663,98.55,41,0,3.44,clear sky
422,Kenai,US,60.5544,-151.2583,62.02,65,0,14.97,clear sky
423,Kita,ML,13.0349,-9.4895,81.73,60,77,9.04,broken clouds
424,San Andres,CO,12.5847,-81.7006,86.02,74,40,3.44,scattered clouds
425,Boysun,UZ,38.2061,67.1986,70.11,32,1,5.12,clear sky
426,Daru,PG,-9.0763,143.2092,78.96,88,68,15.1,broken clouds
427,Benito Juarez,MX,19.385,-99.165,75.0,35,75,11.5,broken clouds
428,Kutum,SD,14.2,24.6667,83.03,21,91,12.08,overcast clouds
429,Mandalgovi,MN,45.7625,106.2708,68.67,51,98,16.37,overcast clouds
430,Scarborough,GB,54.2797,-0.4044,63.79,81,100,1.01,overcast clouds
431,Orlik,RU,52.5178,99.825,51.06,90,100,1.88,light rain
432,Yaguajay,CU,22.3272,-79.2378,82.17,78,82,10.67,broken clouds
433,Dandong,CN,40.1292,124.3947,68.36,88,94,3.51,overcast clouds
434,Meadow Lake,US,34.8014,-106.5436,87.67,43,69,17.76,broken clouds
435,Ontario,US,34.0633,-117.6509,89.87,40,20,14.97,few clouds
436,Tres De Maio,BR,-27.7733,-54.24,54.95,87,98,14.07,overcast clouds
437,Gonen,TR,40.1049,27.654,62.02,92,0,4.34,clear sky
438,Saint-Francois,FR,46.4154,3.9054,69.24,78,0,2.3,clear sky
439,Rio Grande,BR,-32.035,-52.0986,53.71,74,100,17.38,overcast clouds
440,Rawson,AR,-43.3002,-65.1023,47.77,44,0,21.68,clear sky
441,Mahebourg,MU,-20.4081,57.7,69.26,88,20,8.05,few clouds
442,Bud,US,39.447,-86.1758,89.62,45,53,12.77,broken clouds
443,Calama,CL,-22.4667,-68.9333,59.49,8,0,19.57,clear sky
444,Chimbote,PE,-9.0853,-78.5783,64.71,75,28,9.57,scattered clouds
445,Fort-Shevchenko,KZ,44.5086,50.263,73.29,71,61,12.35,broken clouds
446,Beringovskiy,RU,63.05,179.3167,49.05,75,1,8.43,clear sky
447,Shelabolikha,RU,53.4131,82.6167,53.46,97,60,7.31,broken clouds
448,Villanueva De Cordoba,ES,38.3228,-4.6287,77.52,29,94,3.56,overcast clouds
449,Akropong,GH,5.9746,-0.0854,69.44,92,99,6.96,moderate rain
450,Kitama,TZ,-10.7167,39.7333,63.23,96,0,4.27,clear sky
451,Fuyang,CN,32.9,115.8167,79.39,63,33,5.82,scattered clouds
452,Hornepayne,CA,49.2138,-84.7705,61.99,35,69,16.93,broken clouds
453,Wexford,IE,52.3342,-6.4575,59.81,79,100,10.16,overcast clouds
454,Sindor,RU,62.8629,51.8905,51.73,89,8,2.95,clear sky
455,Geraldton,AU,-28.7667,114.6,64.81,68,40,14.97,scattered clouds
456,Darapidap,PH,17.2131,120.4114,79.12,75,41,4.54,scattered clouds
457,Matay,EG,28.419,30.7792,80.02,47,0,19.93,clear sky
458,Port Hedland,AU,-20.3167,118.5667,68.05,73,98,6.91,overcast clouds
459,Traverse City,US,44.7631,-85.6206,70.0,43,20,14.97,few clouds
460,Parkhill,CA,43.1501,-81.6831,74.48,77,10,16.58,clear sky
461,Northborough,US,42.3195,-71.6412,84.85,47,36,1.01,scattered clouds
462,Kloulklubed,PW,7.0419,134.2556,75.7,70,100,6.42,overcast clouds
463,Miranda,CO,3.2499,-76.2281,73.53,93,100,1.1,overcast clouds
464,Brae,GB,60.3964,-1.353,50.43,78,6,29.55,clear sky
465,Hokitika,NZ,-42.7167,170.9667,52.63,79,99,4.68,overcast clouds
466,San Policarpo,PH,12.1791,125.5072,82.53,79,68,8.41,broken clouds
467,Grindavik,IS,63.8424,-22.4338,48.67,81,75,25.32,broken clouds
468,Davila,PH,18.4726,120.5763,76.98,72,78,3.2,broken clouds
469,Balabag,PH,11.97,121.9192,84.2,76,100,12.15,overcast clouds
470,Cap-Aux-Meules,CA,47.3821,-61.8597,55.29,94,100,28.27,overcast clouds
471,Wagar,SD,16.1525,36.2032,94.78,16,50,6.78,scattered clouds
472,Umea,SE,63.8284,20.2597,54.91,87,0,4.61,clear sky
473,Opuwo,NA,-18.0607,13.84,57.97,43,13,2.64,few clouds
474,Iskateley,RU,67.6803,53.1512,57.78,80,82,3.65,broken clouds
475,Grand Gaube,MU,-20.0064,57.6608,69.39,79,0,3.0,clear sky
476,Yar-Sale,RU,66.8333,70.8333,54.19,52,85,8.7,overcast clouds
477,High Prairie,CA,55.4334,-116.4858,67.23,55,97,3.47,overcast clouds
478,Port Blair,IN,11.6667,92.75,82.27,79,57,10.29,broken clouds
479,Mehamn,NO,71.0357,27.8492,40.95,93,100,2.3,overcast clouds
480,Port Shepstone,ZA,-30.7414,30.455,57.96,54,0,7.07,clear sky
481,Pointe Michel,DM,15.25,-61.3833,80.91,72,76,14.29,broken clouds
482,Romitan,UZ,39.9343,64.3814,78.75,27,0,9.22,clear sky
483,Dalhousie,IN,32.5333,75.9833,61.7,49,96,5.21,overcast clouds
484,Chihuahua,MX,28.5,-106.0,90.43,17,1,9.55,clear sky
485,Bundaberg,AU,-24.85,152.35,56.21,71,0,3.0,clear sky
486,Impfondo,CG,1.6381,18.0667,68.77,99,94,0.72,overcast clouds
487,Tecpan,GT,14.7623,-90.9947,60.89,86,84,2.95,broken clouds
488,Kargil,IN,34.5667,76.1,49.91,53,100,5.01,overcast clouds
489,Honiara,SB,-9.4333,159.95,81.86,74,99,5.73,overcast clouds
490,Utete,TZ,-7.986,38.758,71.01,87,61,2.98,broken clouds
491,Jishou,CN,28.3167,109.7167,71.4,99,100,1.74,overcast clouds
492,Ngunguru,NZ,-35.6167,174.5,60.75,88,100,12.91,light rain
493,Gao,ML,16.6362,1.637,85.53,47,73,5.55,light rain
494,Payakumbuh,ID,-0.2202,100.6308,68.76,97,98,2.48,overcast clouds
495,Taybad,IR,34.74,60.7756,77.74,23,0,14.27,clear sky
496,Elat,IL,29.5581,34.9482,80.31,63,0,8.59,clear sky
497,Derbent,RU,42.0678,48.2899,70.11,79,44,5.91,scattered clouds
498,Torbay,CA,47.6666,-52.7314,62.28,67,0,1.99,clear sky
499,Laguna,US,38.421,-121.4238,77.31,37,0,21.85,clear sky
500,Cordoba,AR,-31.4135,-64.1811,60.76,32,0,8.05,clear sky
501,Saint-Pierre,RE,-21.3393,55.4781,68.92,88,75,5.75,moderate rain
502,Ratholo,BW,-22.7245,27.572,51.82,63,0,3.94,clear sky
503,Ayan,RU,56.45,138.1667,44.89,94,100,3.76,overcast clouds
504,Manggar,ID,-2.8833,108.2667,78.57,84,100,2.73,light rain
505,Viedma,AR,-40.8135,-62.9967,44.65,48,0,10.29,clear sky
506,Foxton,NZ,-40.4667,175.3,56.93,90,99,3.31,overcast clouds
507,Itapage,BR,-3.6867,-39.5861,71.82,80,87,3.49,overcast clouds
508,Nieuw Amsterdam,SR,5.8833,-55.0833,82.42,81,20,13.8,few clouds
509,Bradford,GB,53.7939,-1.7521,65.82,66,75,11.5,broken clouds
510,Eureka,US,40.8021,-124.1637,66.74,66,21,5.99,few clouds
511,Aldan,RU,58.6031,125.3894,52.45,77,39,3.67,scattered clouds
512,Nkongsamba,CM,4.9547,9.9404,63.45,98,100,1.21,overcast clouds
513,Weligama,LK,5.9667,80.4167,77.27,88,99,8.12,overcast clouds
514,Mount Isa,AU,-20.7333,139.5,56.97,44,3,8.05,clear sky
515,Waingapu,ID,-9.6567,120.2641,75.63,85,100,9.17,overcast clouds
516,Praia,CV,14.9215,-23.5087,74.25,80,4,14.9,clear sky
517,Ossora,RU,59.2353,163.0719,47.57,91,100,0.43,overcast clouds
518,Mabopane,ZA,-25.4977,28.1007,49.66,47,0,2.33,clear sky
519,Ucluelet,CA,48.9329,-125.5528,62.1,81,70,4.0,broken clouds
520,Upernavik,GL,72.7868,-56.1549,35.78,85,71,10.31,broken clouds
521,Marfino,RU,55.7028,37.3822,55.65,81,0,6.71,clear sky
522,Tibu,CO,8.639,-72.7358,88.77,59,86,3.53,overcast clouds
523,Hervey Bay,AU,-25.2986,152.8535,58.05,65,0,9.62,clear sky
524,Ornskoldsvik,SE,63.2909,18.7153,51.51,87,100,5.35,overcast clouds
525,Saint-Augustin,CA,51.226,-58.6502,52.11,87,100,14.79,overcast clouds
526,Shakhtinsk,KZ,49.71,72.5872,60.01,61,50,3.42,scattered clouds
527,Dibombari,CM,4.1787,9.6561,71.76,96,100,1.36,light rain
528,Kulhudhuffushi,MV,6.6221,73.07,81.64,78,100,11.3,overcast clouds
529,San Javier,ES,37.8063,-0.8374,84.22,47,60,3.0,broken clouds
530,Cherskiy,RU,68.75,161.3,52.32,41,66,10.2,broken clouds
531,Muisne,EC,0.6,-80.0333,74.95,83,100,10.04,overcast clouds
532,Yuli,NG,9.6989,10.2744,70.88,95,76,2.91,broken clouds
533,Goundam,ML,16.4145,-3.6708,91.53,39,33,16.4,light rain
534,Malabo,GQ,3.75,8.7833,76.21,81,100,6.02,overcast clouds
535,Lumphat,KH,13.4878,106.9816,74.01,98,89,1.77,overcast clouds
536,Uray,RU,60.1247,64.7758,58.19,64,2,6.35,clear sky
537,Salamiyah,SY,35.0113,37.0532,78.12,38,0,4.5,clear sky
538,West Plains,US,36.7281,-91.8524,95.83,59,0,5.75,clear sky
539,Hereford,GB,52.0568,-2.7148,66.61,79,3,1.92,clear sky
540,Lata,PT,40.1629,-8.3327,60.03,93,27,1.5,scattered clouds
541,Raton,US,36.9034,-104.4391,89.94,23,0,20.71,clear sky
542,Ulladulla,AU,-35.35,150.4667,50.29,81,51,7.52,broken clouds
543,Kasukabe,JP,35.9764,139.7536,76.01,88,100,3.18,moderate rain
544,Caxito,AO,-8.5785,13.6643,64.67,96,93,2.24,overcast clouds
545,Aloleng,PH,16.1307,119.7824,81.05,83,13,6.13,few clouds
546,Artyom,AZ,40.4723,50.333,71.74,87,0,25.17,clear sky
547,Kautokeino,NO,69.0125,23.0412,42.93,75,98,9.42,overcast clouds
548,Santa Marta,CO,11.2408,-74.199,83.01,81,27,5.61,scattered clouds
549,Longonjo,AO,-12.9067,15.2533,56.48,37,31,0.89,scattered clouds
550,Roma,US,43.2128,-75.4557,74.88,52,32,16.24,scattered clouds
551,Ivanava,BY,52.1451,25.5365,53.11,93,2,7.25,clear sky
552,Sao Joao Da Barra,BR,-21.6403,-41.0511,70.39,85,0,13.24,clear sky
553,Saint-Joseph,RE,-21.3667,55.6167,66.58,78,24,3.74,light rain
554,Gayny,RU,60.3071,54.3241,53.11,94,48,2.73,scattered clouds
555,Pacific Grove,US,36.6177,-121.9166,70.39,61,0,13.8,clear sky
556,Fairbanks,US,64.8378,-147.7164,77.59,38,0,5.75,clear sky
557,Ust-Tsilma,RU,65.441,52.1498,58.44,67,77,2.24,broken clouds
558,El Rosario,MX,24.2556,-107.1828,92.3,41,8,14.12,clear sky
559,Tambovka,RU,50.0969,128.0489,61.39,87,0,3.4,clear sky
560,Caraballeda,VE,10.6112,-66.8522,86.36,77,40,5.75,scattered clouds
561,Igarka,RU,67.4667,86.5833,51.62,63,29,11.05,scattered clouds
562,Maniwaki,CA,46.3834,-75.966,50.05,85,99,12.77,overcast clouds
563,Tecoanapa,MX,16.5167,-98.75,81.57,74,97,12.35,overcast clouds
564,Hargeysa,SO,9.56,44.065,72.32,54,12,23.09,few clouds
565,Galesong,ID,-5.3166,119.3661,75.22,80,98,7.83,light rain
566,Batetskiy,RU,58.6461,30.3027,45.77,97,7,4.23,clear sky
567,Kolpashevo,RU,58.3131,82.9089,52.61,95,67,2.3,broken clouds
568,Sangar,RU,63.9242,127.4739,58.1,74,31,3.18,scattered clouds
569,Lugovoy,KZ,42.9472,72.7644,63.14,63,41,6.26,scattered clouds
570,San Borja,BO,-14.8167,-66.85,77.25,68,21,0.58,few clouds
571,Kondinskoye,RU,59.6481,67.41,56.12,66,67,3.83,broken clouds
572,Yarmouth,US,41.7057,-70.2286,73.87,87,75,12.66,broken clouds
573,Weihai,CN,37.5017,122.1136,69.53,90,13,8.79,moderate rain
574,Mahibadhoo,MV,3.7833,72.9667,82.63,73,96,7.81,overcast clouds
575,Mirante Do Paranapanema,BR,-22.2919,-51.9064,66.25,94,64,5.03,light rain
576,Basco,PH,20.4487,121.9702,84.81,75,74,9.15,broken clouds
577,Redwater,US,33.3582,-94.2544,98.33,34,22,8.75,few clouds
578,Qaqortoq,GL,60.7167,-46.0333,43.99,87,100,6.42,light rain
579,Sarangani,PH,5.4033,125.4636,82.83,72,32,9.6,scattered clouds
580,Ocampo,MX,21.65,-101.5,74.64,27,41,21.39,scattered clouds
581,Tarko-Sale,RU,64.9225,77.785,50.74,54,15,10.16,few clouds
582,Santa Maria,BR,-29.6842,-53.8069,52.66,95,81,7.23,broken clouds
583,Saurimo,AO,-9.6608,20.3916,59.32,39,0,5.23,clear sky
584,Moree,AU,-29.4667,149.85,37.42,93,54,0.0,broken clouds
585,Zeya,RU,53.75,127.2667,60.67,86,43,2.8,light rain
586,Port Hawkesbury,CA,45.6169,-61.3485,63.79,85,97,15.01,overcast clouds
587,Cabedelo,BR,-6.9811,-34.8339,75.87,78,10,7.49,clear sky
588,Yashalta,RU,46.3395,42.2762,64.54,55,13,2.71,few clouds
589,Mantua,IT,45.1667,10.7833,81.64,78,94,9.1,overcast clouds
590,Tshane,BW,-24.0196,21.8684,55.02,22,0,11.12,clear sky
591,Phalaborwa,ZA,-23.943,31.1411,55.56,62,0,3.51,clear sky
592,Nadym,RU,65.5333,72.5167,53.51,51,72,6.55,broken clouds
593,Boissevain,CA,49.2306,-100.0559,79.65,67,14,15.14,few clouds
594,Tupik,RU,54.4253,119.9327,55.92,87,50,1.54,scattered clouds
595,Poum,NC,-20.2333,164.0167,75.65,84,100,15.79,moderate rain
596,Kieta,PG,-6.2167,155.6333,81.68,73,79,2.17,broken clouds
597,Bathsheba,BB,13.2167,-59.5167,83.01,69,20,17.27,few clouds
598,Isangel,VU,-19.55,169.2667,79.81,80,100,9.37,overcast clouds
599,Jaguaruna,BR,-28.615,-49.0256,64.06,98,100,5.17,overcast clouds
600,Necochea,AR,-38.5473,-58.7368,47.77,57,100,23.91,overcast clouds
601,Inuvik,CA,68.3499,-133.7218,74.88,29,38,18.57,scattered clouds
602,Kuala Pilah,MY,2.7389,102.2487,73.51,95,100,2.15,light rain
603,Labuhan,ID,-6.8844,112.2051,77.04,86,100,4.85,light rain
604,Starkville,US,33.4504,-88.8184,87.67,51,0,6.91,clear sky
605,Agadez,NE,19.75,10.25,90.19,14,67,10.22,broken clouds
606,Kabinda,CD,-6.1333,24.4833,72.79,39,90,2.77,overcast clouds
607,Dhidhdhoo,MV,6.8833,73.1,81.63,78,100,11.54,overcast clouds
608,Mazatlan,MX,23.2167,-106.4167,89.56,69,20,11.5,few clouds
609,Ursulo Galvan,MX,22.7333,-98.3,96.03,47,6,12.82,clear sky
610,Moose Factory,CA,51.2585,-80.6094,40.98,87,100,21.85,overcast clouds
611,Yashkul,RU,46.1711,45.3435,69.64,41,39,5.39,scattered clouds
612,Sobolevo,RU,54.4299,31.8996,51.33,92,61,6.42,broken clouds
613,Porto Novo,BJ,6.4965,2.6036,74.3,94,97,9.78,moderate rain
614,Umm Bab,QA,25.2142,50.8072,87.8,47,0,7.45,clear sky
615,Aksu,CN,41.1231,80.2644,72.23,24,1,1.68,clear sky
616,Finnsnes,NO,69.2296,17.9811,48.81,68,3,4.83,light rain
617,Tomatlan,MX,19.9333,-105.25,89.98,47,90,14.38,overcast clouds
618,Ust-Kuyga,RU,70.0167,135.6,44.1,62,10,3.96,clear sky
619,Smithers,CA,54.7804,-127.1743,64.49,61,98,3.13,light rain
620,La Seyne-Sur-Mer,FR,43.0982,5.8847,78.85,85,8,1.01,clear sky
621,Batesville,US,35.7698,-91.641,96.62,54,0,5.75,clear sky
622,Shelburne,CA,44.0787,-80.2041,61.36,59,4,23.53,clear sky
623,Pundaguitan,PH,6.3711,126.1689,82.33,72,100,7.54,overcast clouds
624,High Level,CA,58.5169,-117.136,60.91,82,75,6.91,light rain
625,Sur,OM,22.5667,59.5289,87.22,71,1,8.7,clear sky
626,Orotukan,RU,62.2667,151.7,49.68,86,100,2.98,light rain
627,Anloga,GH,5.7947,0.8973,76.14,88,100,17.09,moderate rain
628,Manicore,BR,-5.8092,-61.3003,77.9,68,16,2.06,few clouds
629,Gorontalo,ID,0.5412,123.0595,73.6,95,16,2.51,few clouds
630,Blagoyevo,RU,63.3667,47.9167,51.04,85,39,3.49,scattered clouds
631,Pucallpa,PE,-8.3791,-74.5539,87.84,55,20,3.44,few clouds
632,Sola,VU,-13.8833,167.55,80.98,79,100,14.61,moderate rain
633,Halifax,CA,44.6453,-63.5724,60.69,96,100,17.0,overcast clouds
634,Tucurui,BR,-3.7661,-49.6725,79.84,69,96,2.66,overcast clouds
635,Banjar,ID,-8.19,114.9675,75.69,89,32,3.94,scattered clouds
636,Hadrut,AZ,39.52,47.0318,66.92,57,1,5.57,clear sky
637,Zarechnyy,RU,53.2036,45.1923,58.53,71,99,3.38,overcast clouds
638,Blythe,US,33.6103,-114.5964,109.04,6,0,19.57,clear sky
639,Bata,GQ,1.8639,9.7658,74.43,88,100,1.97,light rain
640,Ostroh,UA,50.3294,26.5143,51.85,96,7,7.96,clear sky
641,Camacha,PT,33.0833,-16.3333,63.82,82,40,12.66,scattered clouds
642,Namibe,AO,-15.1961,12.1522,62.01,87,5,8.88,clear sky
643,Sonoita,MX,31.85,-112.8333,99.77,17,0,26.28,clear sky
644,Tangkak,MY,2.2673,102.5453,76.87,95,99,1.12,overcast clouds
645,Ginda,IN,30.6945,78.4932,62.65,67,44,4.65,scattered clouds
646,Kiunga,PG,-6.1219,141.2906,73.13,100,96,0.98,overcast clouds
647,Chikwawa,MW,-16.0335,34.8009,63.59,93,13,1.99,few clouds
648,Linhares,BR,-19.3911,-40.0722,64.98,79,0,4.94,clear sky
649,Tiarei,PF,-17.5333,-149.3333,84.22,73,10,16.26,clear sky
650,Santa Cruz De Tenerife,ES,28.4682,-16.2546,73.92,90,75,18.41,fog
651,Kalemie,CD,-5.9475,29.1947,70.12,67,5,3.02,clear sky
652,Gondar,ET,12.6,37.4667,64.96,63,78,5.5,broken clouds
653,Sakaiminato,JP,35.55,133.2333,71.58,88,20,2.3,few clouds
654,Swan River,CA,52.1058,-101.2676,67.89,52,69,14.97,broken clouds
655,Thunder Bay,CA,48.4001,-89.3168,73.31,23,20,11.5,few clouds
656,Touros,BR,-5.1989,-35.4608,75.72,76,26,9.6,scattered clouds
657,Juneau,US,58.3019,-134.4197,73.4,71,20,10.36,few clouds
658,Bom Jesus,BR,-9.0744,-44.3586,82.04,39,60,2.59,broken clouds
659,Wukari,NG,7.85,9.7833,69.48,97,98,4.61,overcast clouds
660,Muncar,ID,-8.4333,114.3333,75.4,89,74,0.96,broken clouds
661,Milkovo,RU,54.7167,158.6167,61.38,61,99,5.95,overcast clouds
662,Inhambane,MZ,-23.865,35.3833,64.22,74,0,4.54,clear sky
663,Voznesenye,RU,61.0106,35.4781,48.29,97,100,7.9,overcast clouds
664,Znamenskoye,RU,57.1281,73.8282,53.17,98,38,5.12,scattered clouds
665,Prainha,BR,-1.8,-53.48,78.48,72,75,3.31,broken clouds
666,Puurmani,EE,58.5738,26.2878,55.27,89,72,3.22,broken clouds
667,Ukiah,US,39.1502,-123.2078,71.17,42,40,10.36,scattered clouds
668,Skelmersdale,GB,53.5502,-2.7735,63.21,88,100,4.0,light rain
669,Sao Francisco,BR,-15.9486,-44.8644,71.15,36,2,1.88,clear sky
670,Dzilam Gonzalez,MX,21.2833,-88.9333,85.86,62,79,11.88,broken clouds
671,Burnie,AU,-41.0667,145.9167,44.94,89,82,5.41,broken clouds
672,Oussouye,SN,12.485,-16.5469,82.58,73,99,8.14,overcast clouds
673,Coahuayana,MX,18.7333,-103.6833,86.13,63,91,11.39,overcast clouds
674,Taicheng,CN,38.731,113.228,70.39,59,100,2.68,overcast clouds
675,Paro,BT,27.4305,89.4133,59.94,98,100,0.76,overcast clouds
676,Nishihara,JP,26.1842,127.7558,78.46,88,75,10.36,mist
677,Beidao,CN,34.5686,105.8933,63.59,71,100,2.95,overcast clouds
678,Da Nang,VN,16.0678,108.2208,80.58,83,20,1.14,few clouds
679,Nivala,FI,63.9167,24.9667,48.69,97,22,4.29,few clouds
680,Kaduqli,SD,11.0167,29.7167,79.52,62,100,1.54,overcast clouds
